X1,X2,X3,X4,X5,X6,X7,X8,X9
f,,4502,0.5319305648686148,194.5699161269868,91,71.53605078887576,s,
f,38.0,2145,0.348536511835733,157.1846638370758,83,65.26779461284094,s,
,,1785,0.2394614449453942,168.2866550310528,79,86.44118559464344,n,
f,74.0,1408,0.23165429979532629,160.6969072594797,84,71.2511439517094,n,
f,71.0,2428,0.13152372237581073,183.36914436538686,91,93.9482383243596,s,
f,45.0,1695,0.17827550913319634,148.3597140577066,132,98.66404314349269,n,
m,46.0,4460,0.6345443792603176,169.39373164386654,171,86.72639247887457,n,
f,39.0,3141,0.533790653085548,162.96803923614246,81,60.41548250763167,s,
m,65.0,3870,0.5338935992807219,170.64727594936448,71,78.77840917706392,n,
f,51.0,4416,0.6582281718500593,147.111179462619,116,71.58168783055733,n,
m,71.0,3003,0.3921582750637329,162.21010454234315,122,88.4629756771692,s,
f,64.0,4371,0.639575518749864,197.01783499286628,213,84.0205118393727,n,
m,39.0,3418,0.47482498532325623,171.361574170274,61,86.60789287570618,s,
,65.0,2593,0.1596893328002896,174.55757124589599,134,78.75748513498505,s,
f,66.0,4520,0.5088513264012601,178.09776195338782,72,71.53787768251088,s,
f,,1605,0.16753548570210888,173.10305295375085,146,85.39739625756307,s,
,19.0,2082,0.36202106303998444,,103,89.18224624305022,n,
f,26.0,2798,0.42711908173294194,174.63336214959622,128,83.39170677124457,n,
m,70.0,1142,0.12997007612378506,173.77167563093803,142,79.67173220592974,n,
f,30.0,1122,0.14667953022189897,148.39034832809855,145,81.54779074624747,n,
m,64.0,3695,0.43208100832994906,169.1624996667286,46,89.70491005996875,s,
f,54.0,1027,0.43247673608401876,157.98036385675326,141,98.57764564613308,s,
f,36.0,4577,0.6248761365246233,164.21204787926126,56,61.219214261669855,s,
f,25.0,3576,0.29640554037002137,161.84416502548132,103,103.48547541326172,s,
f,54.0,1585,0.1347488735009408,202.36048842338872,41,65.64411252813802,n,
f,19.0,1524,0.2411010397953537,197.18759822316179,119,80.29850609466999,s,
f,50.0,2039,0.3201625609018881,181.67093870720305,99,77.44541593423104,s,
f,55.0,3527,0.41932878721766037,186.3198727420185,161,53.78370808044129,n,
m,,2315,0.41164836997558596,170.21031608475928,113,86.55507645144998,n,
f,35.0,1863,0.09727494263804583,165.9355292584247,133,89.86193289639792,n,
f,66.0,3531,0.47518046576965944,151.45273121007884,117,77.62925247867722,n,
f,33.0,1685,0.15074149030755174,148.25130141392125,136,95.38836833238265,n,
f,38.0,3099,0.27233112843663604,206.4627297394283,85,85.6730461341996,s,
f,,1652,0.3168733167301759,161.91554772709998,70,105.6391544651967,s,
f,28.0,1431,0.38634776847805913,165.85620466682107,109,80.73673347578926,n,
m,52.0,4791,0.6817555835148512,181.63482054159857,91,97.31791847716222,s,
f,61.0,2742,0.5445738708020986,141.27051585882987,76,80.29391178998638,n,
m,61.0,3878,0.4900217454661293,169.47559673374136,109,87.07061199382044,s,
f,20.0,1519,0.035541973870332456,173.44591996025773,148,80.36233502838185,s,
,29.0,2635,0.4513354504844776,144.7981363601176,99,74.4903012446438,n,
m,64.0,1064,0.4467035331120729,151.97927823159927,98,66.22230343961193,n,
m,66.0,4920,0.6016946074980751,148.559292148103,77,72.84841917439644,s,
f,43.0,1818,0.22732251629242928,168.38329579710947,130,88.07532155567166,n,
f,22.0,1907,0.35619167647851907,152.9748488052777,177,73.83228277353578,s,
m,42.0,1397,0.06413606647478802,158.78549637596674,90,75.40819524934413,s,
f,30.0,2547,0.3653352392929302,146.30514102147893,119,71.99024333253351,n,
f,68.0,1661,0.20476142321404267,191.751553421912,96,68.28237848547006,n,
f,72.0,4400,0.752574470206878,161.43505916518086,63,67.31491726872704,n,
f,25.0,4782,0.6998127537382436,152.26758635915354,186,99.31291532392302,s,
f,,3475,0.5698873714535228,,115,76.17339164921935,n,71.0
f,72.0,4042,0.5665845958605106,157.72490686926295,103,105.39351661461258,n,
m,57.0,4045,0.5430619081624174,162.9113103901498,118,65.78586415654459,s,
m,55.0,3071,0.5130114073903047,179.13830277625607,151,90.330680727138,s,
f,66.0,2884,0.14069282634522598,,97,86.67809800853729,s,
m,,2236,0.14394160529282096,157.83937881494188,136,66.76391560665932,n,
m,,987,-0.04097991472135825,202.90836093879824,79,82.03913550865185,n,
f,31.0,3928,0.37377081377177257,,66,89.00538016757986,n,
f,20.0,3270,0.4414833225590654,159.09803141088935,57,71.20745146611084,s,
m,41.0,2474,0.2988868260825696,156.6190314919836,227,67.26840627133622,s,
f,23.0,3691,0.5388649364772282,148.50322940841704,106,84.38868436490243,n,
f,29.0,2308,0.20288509800729454,156.62803909299416,58,68.21426758927194,s,
,73.0,3829,0.5029310077996746,180.3464338180034,138,70.19896521853009,s,
m,48.0,1510,0.2575830155676287,141.31890629168495,131,80.11442801239707,n,
,61.0,996,0.10132115664539361,193.79491586375454,135,83.27306993479246,s,
f,,4371,0.6750524748687767,118.44683511442328,157,86.39851936220327,n,
f,39.0,1443,0.20848401576135278,156.46774165486238,148,80.63864195711528,s,
f,29.0,3618,0.6414225528981895,133.2906686194776,61,79.21437192700427,s,
f,33.0,1362,0.22972377863882792,161.35513434769237,46,73.5599637038266,s,
f,,3001,0.4046371511105942,126.95319260316326,105,76.69227299149826,s,
f,52.0,2305,0.2994175035206156,163.81337525252195,142,71.70603491581183,s,
,67.0,2755,0.20086555894620672,170.7765905687575,51,78.89459251816747,s,
m,24.0,3770,0.2951373903957105,180.4778589329956,168,99.68121263019518,s,
f,19.0,2900,0.21094906780551556,161.41873708085453,126,91.46579349527575,s,
f,,2576,0.3569557219671924,145.30914412288803,115,89.62139570194847,n,
f,32.0,3179,0.4817058061776093,,60,82.11519200806505,n,
f,20.0,3441,0.3061225286937851,159.16480679382838,66,82.93178641701769,n,
f,30.0,3309,0.4968553724526063,180.90722375048574,109,80.5547468901697,n,
,39.0,2012,0.2975682779481898,170.66484851164225,74,79.37671215497757,n,
f,,1612,0.13385276619238434,143.98698311323002,84,84.76212981802409,s,101.0
f,55.0,2752,0.3005139113646235,148.40615487794045,53,101.83059887196877,n,
f,,1931,0.2608841868823879,159.56142771573573,53,86.09566712628771,n,
f,67.0,3398,0.30482765953179825,150.85789643187456,138,55.7293960722002,s,
m,30.0,4684,0.6892913776826066,178.59783403566254,114,89.93361690574791,n,
f,71.0,1111,0.14336439189477154,151.55777856671511,90,72.82365543613322,s,
f,,2686,0.39186395315242134,175.76186481319994,181,93.97281824504287,n,
f,,1112,-0.05772840928584244,162.56931482297222,98,76.3613810855372,s,
f,33.0,4200,0.6642491593862314,167.55363665615621,50,83.98519994895625,n,
m,34.0,2768,0.3158405321662249,,65,88.02131795808712,s,
f,36.0,3376,0.5857205302397835,168.68864260168849,131,72.499543355383,s,
f,71.0,1449,0.12489491039836016,176.49388117674135,115,81.82089687770134,s,
m,74.0,3175,0.46953942109514535,136.71481720360086,68,85.0078339984689,n,
f,42.0,1790,0.25022649215454407,187.1810134211537,64,80.376585280949,n,
f,68.0,3837,0.40773407337952683,171.51661983818215,55,69.86703885974251,n,
f,,1403,0.12152469625415017,163.45560244787183,134,84.06810680029841,n,
f,27.0,4550,0.3620979456311992,165.63886996188086,69,87.68677022668814,s,
f,72.0,3054,0.34225112687798953,182.10592708074682,103,98.15595167728652,s,
f,45.0,4633,0.751837992223138,152.7883089360478,149,113.42955500358845,n,
f,29.0,4623,0.5715184954158111,167.16122187421416,48,88.41361848635123,n,
m,35.0,2651,0.30804355662154714,178.74048521598772,91,87.53927916414727,s,
f,43.0,1307,-0.0016900128063574358,155.14643420687267,121,95.74060168999479,s,
,66.0,1447,0.27350010167168914,182.7593691359846,105,67.70030630819699,s,
f,31.0,4304,0.5478221513241384,169.8467532242068,129,90.25279112266317,s,
f,60.0,2133,0.42003803610989837,161.9490454044276,65,69.4756143787831,s,
m,46.0,1671,0.1431070911126016,161.30762273690428,148,78.75813230036346,n,
f,40.0,2467,0.2492184859010091,163.83693166835167,106,70.14746313669951,n,
f,39.0,1617,0.1301498871538282,177.59519538027797,92,87.55280683274145,s,
m,33.0,2699,0.30538321469915053,179.63562715314666,68,70.42616305628178,n,
f,47.0,4054,0.5628823508376899,,226,66.67104456154736,s,
f,30.0,2677,0.2639392203269208,160.6207098640616,196,70.89814570250482,s,
m,,2659,0.23420859931455598,,119,91.87456385438135,s,
m,,4368,0.7035974323490732,140.84227594899755,85,85.98060131688045,s,
,56.0,1115,0.031441552384098966,177.4312978405539,76,59.64352460946826,n,
f,63.0,3932,0.4720707209255379,172.1169149653489,38,100.34846441331297,s,
m,58.0,3825,0.5697946013621671,169.89911346214276,67,94.50072228089289,n,
f,67.0,2446,0.2673914156074039,160.26639423913105,108,68.20244242367482,s,
f,22.0,1102,0.15802510823124521,137.9029428371593,74,71.19635387838507,s,
f,,3791,0.45619370673149395,138.44891976461352,97,89.94621329856017,s,
f,,4530,0.5449925034127912,190.01375844313932,107,77.88426413142423,n,
f,62.0,1075,0.3119300849937888,181.08982814683992,148,90.76037601840139,n,
f,,3929,0.5958143826100512,196.21097925312085,138,75.79044700342475,s,
f,,3460,0.6364857045710988,181.43209881592807,75,101.19098329293054,s,
f,29.0,3928,0.49682124008737727,161.97775236252753,85,81.6955460975603,s,
m,23.0,977,0.16672297756541196,144.9234908475468,72,80.41799544488863,s,
f,55.0,1718,0.28970636077656825,146.45932885573194,70,85.37142379042344,s,
f,,3953,0.5832360464126161,165.54676834884853,142,55.00998950483212,s,
f,73.0,3346,0.5978907232432311,188.4689135421458,123,63.09349669627208,s,
,28.0,4143,0.5479100951010694,191.5507392792336,50,85.3683164575595,n,
f,56.0,2338,0.19816406066466571,167.34086617275796,78,82.61695898332741,n,
f,42.0,3394,0.29598935118811776,165.97513529426675,82,84.61785426773471,n,
f,24.0,4491,0.4541486298194438,184.9684972862925,66,82.09069527000476,n,
f,37.0,3265,0.3989399309821248,149.7690508634857,96,66.58241705430727,s,
f,47.0,2498,0.17975085429045165,164.8362626641114,187,113.05002908494474,s,
f,22.0,3303,0.5343023127465086,161.00957338150315,114,83.65052616485133,n,
f,40.0,1939,0.3276499012893243,133.16233150540438,50,89.95422370386045,n,
m,63.0,1137,0.15868881025823675,172.30284675993033,100,79.10137827244665,s,
f,55.0,1274,0.19258795430736747,201.27850373439477,148,66.47733425830091,s,
,28.0,2065,0.19053160791315518,182.0001931000792,96,74.81637951922922,s,
f,63.0,4968,0.640179632273921,182.20514719486752,141,76.42776207720526,s,
f,72.0,2852,0.3219960366203807,156.47876837815355,58,69.26760397427384,n,
m,20.0,4634,0.5553036362055344,192.03881486021416,57,98.94339229014037,s,
f,22.0,900,0.10703921552393045,180.69965974130292,118,67.53694165517153,s,
f,46.0,2046,0.19691124987585007,176.68493245971058,58,86.71889856390769,s,
m,36.0,2206,0.2953490847569324,174.28415524887615,143,82.90027798152855,n,
,38.0,1325,0.09290519903693172,159.15032304165356,42,82.26265816259408,s,
f,68.0,4986,0.5579781648030863,178.92970824154537,42,96.77985561200323,s,
f,60.0,3894,0.37388083624334684,155.86489284679237,70,76.13009137104632,n,
f,38.0,4272,0.49695257438842266,,129,72.40818109530537,n,
f,69.0,4888,0.7867078243743559,129.44670483135423,114,85.63482001727756,s,
f,65.0,4766,0.563523564370603,150.4520339556616,46,86.97132886417722,n,
f,23.0,3742,0.5813842799217424,163.54691682089236,101,85.5172990673316,n,
,55.0,2836,0.2165645305564648,174.1557361890928,69,63.43929251589722,s,
m,38.0,2507,0.4670703176274008,151.6650985349875,69,63.13519509849701,s,
m,65.0,1702,0.31607222475336594,188.55002705291676,135,79.59862171135619,s,
f,43.0,2281,0.1504871629794576,158.40034813081175,98,86.22410478079378,s,
f,37.0,3402,0.4052497130896411,176.00995937282616,82,69.22481993335528,n,
f,74.0,4030,0.6692282927142135,183.9155787056123,212,63.42626972568883,n,
m,54.0,2044,0.3839976960258927,172.95552395792313,129,88.87853688356456,s,
,26.0,1198,0.12726168743235838,192.05274259392888,71,57.14509859650837,s,
f,26.0,3891,0.5449471431521891,154.8526594860561,79,67.55205066057142,n,
f,68.0,4439,0.6745737311896325,157.04298237586337,134,68.41398267257053,s,
f,29.0,3936,0.5211624050732337,151.14012587927425,126,57.35213493035349,s,
,68.0,4974,0.5751648381928822,143.6465990563752,148,80.33584424461755,s,
,,4066,0.53298526723477,171.96589328264352,88,72.99498758597399,s,
f,,3068,0.35820347750042464,149.7008433267243,108,64.951880233318,n,65.0
f,36.0,3463,0.4976801650695753,207.10329297603403,83,74.07142267417261,n,
f,21.0,2936,0.35911565251695376,185.43732543105344,96,73.66584407816103,n,
,29.0,4360,0.510134800890628,179.52562891579268,89,87.81934828356425,n,
f,33.0,2076,0.25863479923358834,205.25156746502944,56,65.2276322299638,n,
m,,1061,0.06513116408458237,189.77822654905228,69,73.66287039562732,n,
m,55.0,2718,0.4316649093032046,161.17404466363269,43,82.98761668540963,s,
f,31.0,1702,0.4264776990691708,192.66300416083442,129,74.93042338932787,n,
f,34.0,1193,0.18968605422741877,163.26260953286447,193,82.72938336263452,s,
m,54.0,982,0.09191744284200495,158.45450561056916,147,72.59749391080894,n,
f,40.0,2288,0.42264226866487953,166.58567584653886,116,91.41704076157694,n,
f,35.0,2381,0.35764073170616945,165.9031965130072,80,82.71800306988732,s,
f,49.0,2579,0.3943620507096314,146.28178808279375,140,80.34839888581648,n,
f,,2395,0.31994731708695945,134.81592748205392,75,81.78738641642191,s,
m,48.0,4675,0.5542457038110701,156.67464497185964,88,72.62259096862861,n,
f,74.0,3788,0.48313103437757215,139.25723827311543,83,63.2774978269581,s,
f,48.0,1187,0.3388828102368608,151.60342081333386,70,76.04551531215202,s,
f,43.0,2484,0.3080591805290545,202.5889421974514,38,79.53974910376678,n,
f,68.0,4158,0.6807067630659666,136.15725893242316,145,79.08707024527999,n,
,61.0,2965,0.35107888527383796,159.47485355737157,138,72.56903401453467,n,
f,34.0,4195,0.16330925869610696,166.72354046938017,58,72.3916851411718,s,
,19.0,4802,0.8168145651752136,152.8015364745816,65,67.72848177443402,s,
m,49.0,3469,0.5221927390310687,171.65097825445432,109,67.39535047451498,s,
f,56.0,3143,0.2607427633393999,139.52025169026638,109,63.986742286342526,n,
f,43.0,3429,0.517114698101115,168.7159901402413,43,78.06757948471142,s,
f,21.0,2928,0.3549495865750364,145.7943440991512,147,81.09666602220064,n,
f,74.0,4672,0.6178846956979438,177.28505278161296,88,69.87335970926368,s,
m,67.0,3187,0.3908173368838711,196.17731033449923,44,93.4505184984078,s,
m,71.0,3668,0.42441146759224446,109.2314321136806,97,65.83633002650646,s,
f,,2104,0.3140671455769816,192.08733701482774,41,92.29025246551384,n,
m,30.0,4082,0.5097018767631204,159.42952285851962,47,97.49309325272485,s,
f,19.0,2759,0.40424419984560545,159.3459301853368,120,85.7276855474055,n,
,38.0,2996,0.42462206482021936,204.18428475657848,81,75.10602830251464,n,
f,,2686,0.30843466132709374,163.78586942651242,66,70.59288592257374,n,
m,73.0,4356,0.7275215473879334,191.62686301475463,94,92.0257929498289,s,
m,44.0,2992,0.4499110289931131,172.5895008270213,103,89.64920592778525,s,
f,24.0,1275,0.1452747302443543,148.37030547353396,86,86.16956411260956,n,
f,33.0,2029,0.05480460403437655,148.74851288364732,45,63.49473096696421,n,
m,,4544,0.5610503368275639,163.70993606269283,78,91.06682207602852,n,
f,44.0,2943,0.442579395072213,136.27261341563127,73,77.97695636703632,n,
f,42.0,2199,0.32982404620350214,141.19011441858063,91,67.14616958665563,n,
m,62.0,2858,0.4645757184582457,186.18648479521156,118,86.11018066371814,s,
f,63.0,3638,0.3622957555375443,,129,59.801303153529844,n,
f,68.0,2343,0.3679029017112458,154.34990411890357,125,67.27296612885232,s,
f,73.0,2348,0.11433875926375943,163.01528372933788,59,76.58578834183918,s,
,24.0,2984,0.3409727785064339,162.33974940627522,46,82.89520458026742,n,
f,44.0,1060,0.06867594902831867,154.99692715994922,145,81.2032085722277,s,
,,4236,0.6675055317196613,159.61848148575837,74,90.62311613607353,n,
m,73.0,2262,0.2700469172519786,167.84799252799587,43,58.79877943111655,s,
m,38.0,4496,0.44006057989697656,186.31273779393177,86,72.45611454295512,s,
m,24.0,3013,0.6058104822209666,161.01861186474983,43,81.07413716134832,n,
f,65.0,3191,0.48201169504124564,136.15860855125132,143,51.475313176441304,n,
f,32.0,3801,0.5258422543419347,,98,94.89480780866683,s,
f,,2525,0.3148727890987174,151.64689395786422,121,95.17905289247658,s,
m,70.0,2224,0.415714617085321,147.69717376717608,121,69.74522869409607,n,
m,29.0,1001,0.16062055337937772,163.67608440431232,145,68.27753581587274,s,
f,59.0,3226,0.4463728097659319,161.89557463692765,49,63.061695705839035,s,
f,18.0,4494,0.4875134134145321,157.44546591069417,50,94.24680207806256,n,
f,,4367,0.6875454057708259,121.63068536975508,52,72.74822479751604,n,
f,70.0,1168,0.15108341091959904,151.06277244874016,79,70.57194550254808,n,
m,,4389,0.776116184229297,168.40834806996887,87,87.10518098804148,s,
f,39.0,2764,0.352140723458714,179.01780928788568,58,80.76697496705815,n,
f,38.0,2475,0.3244565214725177,,78,61.910021205696545,n,
f,74.0,2191,0.27615519373158953,138.6588467266467,83,67.69077841242135,n,
f,52.0,1417,0.42654422531896646,,101,72.81057288554999,s,
f,51.0,3874,0.5323739773791278,172.98352372034654,62,74.66712801453008,s,
f,66.0,2340,0.28351103584904597,,67,76.91769415193545,s,
f,66.0,1356,0.16243124856810842,166.70370524533072,219,78.60372406179397,n,
f,,2869,0.44070886200469633,161.97419322408388,43,89.2182886957779,s,
f,45.0,2096,0.26691666783722306,135.09112512511877,87,103.25287087787686,s,
f,,2548,0.22312748433820007,148.68174977062367,84,73.97078831920558,s,
f,51.0,4318,0.5475292540201281,171.18719392917416,118,70.38422997478212,s,
f,,1867,0.3288668360197918,,180,77.37201906766576,n,
f,35.0,1604,0.2965223605191748,157.10715510175385,121,71.00339947263699,s,
f,,3912,0.28230910677570475,172.07066126526755,145,77.96912379381979,s,
,,2878,0.46269905264795663,143.03458353563755,128,105.04676204537002,n,
m,67.0,4420,0.6391410968848737,181.61604243331342,68,67.06241969606141,n,
f,,1817,0.03975660876293316,151.32407379756432,74,76.2837857717624,s,
f,32.0,2206,0.18751355594482622,,95,96.17546421392419,s,
f,21.0,4223,0.49445500440921125,165.4409335990903,86,78.33731470302916,s,
,57.0,3569,0.6376501897583737,144.45235553318014,131,87.16453383308837,n,
f,48.0,4175,0.48806371055862974,192.97514012281502,116,107.69310133978675,n,
f,,4666,0.7774969677984528,152.92512272767962,111,90.61468317018527,n,
f,71.0,3989,0.5315071570972336,147.1066088729713,56,106.76627075945949,n,
f,50.0,1175,0.1374960555984912,181.90301711873317,98,72.40935160774626,n,
f,68.0,4601,0.6889692860087175,177.1116119161005,62,59.03682328118037,s,
m,51.0,1791,0.2723089016203854,174.6929045525633,58,88.86916012935272,n,
m,69.0,2107,0.4831392370565016,180.48593111667282,104,70.18054542310277,s,
,24.0,2213,0.18183231861124494,162.00773400159719,107,81.52184540532586,s,
f,64.0,3744,0.43945186713636786,192.17550393581186,51,80.80686934714433,n,
f,36.0,2505,0.3580962215298966,170.12129243304196,109,74.38208013159787,n,
f,46.0,1067,0.1504719303481202,181.3600375330967,101,75.73857949852632,s,
m,64.0,2750,0.44149875274788475,180.2116427573902,112,63.4231721160604,s,
f,,3040,0.5451311196946037,129.5653260093413,54,81.15858104778448,s,
f,,2028,0.28678126085886324,174.06539449406242,76,95.83350265710276,s,
f,,2867,0.38653246738481073,173.84311567331267,89,55.85822310230483,n,
f,66.0,4169,0.4458795650273969,163.19028566764342,134,96.36654232863161,n,
f,46.0,3118,0.3769867864571686,169.2701853301967,120,94.50948579713493,n,
f,57.0,2841,0.3984194228043462,127.74764173736445,59,89.31124157590986,s,
f,21.0,4522,0.8163992016336895,167.49139641669433,135,68.40083013291877,s,
f,,4613,0.6087281249031098,177.64335367818194,136,81.59120300220098,s,
f,49.0,3326,0.3033618355851101,135.10835553306956,94,47.83120789787487,n,
f,34.0,3347,0.4258169306097052,205.48278162490251,107,68.63663214236463,s,
f,18.0,991,0.3073825350798888,,190,82.43616377901469,s,
f,53.0,2279,0.4116645170486063,160.5018818676139,85,85.0838141135477,n,
m,37.0,1915,0.17409785002059922,198.90238187125766,134,93.89171585733565,s,
m,66.0,2189,0.20310522353784558,,57,76.32232778126571,n,
f,73.0,4071,0.5906828563425418,150.862752560397,120,66.94974694810672,n,
f,34.0,2391,0.5989015132346185,154.82298032013514,73,52.825276300283484,n,
f,,2134,0.3231837737148134,144.33522299081724,77,91.78188197721846,n,
f,,1298,0.06790315895497825,168.1822166821942,39,83.89961629078573,s,
f,64.0,3205,0.3076680728498028,139.70123312799453,123,89.93544597144651,s,
f,,4326,0.6027163331277322,194.9740667369112,96,82.60075949857995,s,
m,67.0,2783,0.42739866006672045,,142,75.19586019942558,n,
f,20.0,4094,0.6041690623045318,138.26269300844558,43,63.07965955636783,s,
f,,1298,0.1317320751463834,161.48826470617868,53,65.39165972900224,s,
f,29.0,2854,0.4164525395579919,161.62862582772377,128,63.221995014601305,s,
,,3632,0.5314949843653035,190.2565492682969,113,103.01471237735772,s,
m,37.0,3365,0.579882107326287,168.72916846685817,167,88.2618275644227,n,
f,,1217,0.13243096742163807,,56,99.28816774800777,n,
f,35.0,1140,0.09364961753158661,182.5241729602557,102,72.89666620286982,n,
f,21.0,1680,0.17380101057412636,152.38199279208357,48,81.12902879219973,n,
f,24.0,3256,0.46971239665813175,177.45563730974794,74,89.44049525499742,s,
,57.0,1795,0.233682679402232,124.96011073769134,49,69.78566681630427,s,
f,25.0,1385,0.12775915505540383,192.5379983755097,62,78.5690502800656,s,
m,30.0,3348,0.6109266481960896,,82,101.55302096283098,s,
f,70.0,4287,0.5730681783717106,184.23388842358793,91,69.63910965714902,n,
f,60.0,3733,0.5255076921389974,,120,82.67094528423065,s,
f,44.0,4102,0.5216833146459854,174.9750127701995,113,85.6761534308182,n,
f,,2828,0.3352432829877266,151.71601045797874,98,77.83351451302977,s,
f,34.0,4129,0.4205958108349996,200.71362209811832,85,94.20166226086683,s,
f,45.0,1040,0.11519402467314585,175.9757848055917,85,92.5421496078575,n,
f,,1722,0.227515889812525,145.93481369158783,62,91.81276937205979,s,
f,68.0,2941,0.13877629016170517,156.84871485941085,149,74.30976005048633,s,
f,,3695,0.655889422438533,168.60488496263966,58,80.14359693072123,s,
f,46.0,3670,0.4952093535325246,158.93419303263022,121,101.38503351063018,s,
f,41.0,4829,0.6900700293785023,178.0215153057521,59,84.18975762662491,n,
f,52.0,4349,0.461776793433572,156.45701114249042,70,54.36588309350089,s,
m,,3098,0.42870766774390884,188.63610439646396,221,91.68553601984569,s,
f,47.0,2351,0.2749828868458392,,114,88.68873369553734,s,
f,,4463,0.6723115795463679,178.74377253298593,107,86.61264801650182,s,
f,68.0,3193,0.40682406708119434,186.56253471129062,65,81.81243120875602,n,
f,20.0,3909,0.4858078288192797,164.61907518065445,70,64.1126044897481,s,
f,,2251,0.23514726367288757,177.4768670309696,113,67.97332095386689,n,100.0
f,23.0,3499,0.5331364893667822,143.2022309733938,100,79.45750032418763,s,
m,,2833,0.3729448033086124,171.40677020683145,178,74.18082104351679,s,
f,63.0,3335,0.502518277195903,163.15046169097286,120,109.91325333060284,n,
f,26.0,1745,0.12782327711009944,165.98897000625848,55,71.24018667924693,s,
f,43.0,3991,0.37155797066060303,207.29738177304793,85,90.75607120668163,n,
f,,2794,0.32990264207541664,139.74634956934312,79,73.78515880381862,n,
f,47.0,1180,0.3716232867047691,159.6742421650799,58,83.35561197578389,n,
f,56.0,4338,0.5750504083172022,142.60140247188087,135,71.60736066988979,s,
m,71.0,2598,0.10649667541878594,141.53264913956585,142,87.8668634741599,n,
m,33.0,2951,0.446031376981625,179.1658886063195,202,91.62351910553622,s,
f,73.0,966,0.016956867301372358,159.76211217002637,107,103.35936700677101,n,
f,21.0,1806,0.13645429591662459,179.74946348251032,105,66.38035043896694,n,
,19.0,3599,0.5793912936612323,182.37323820296058,61,70.64867505481206,s,
m,19.0,3367,0.5516859695415854,190.08828873927246,42,60.98454186862059,n,
f,42.0,2827,0.214575808979846,133.64419397919505,176,56.93334552497296,n,
f,70.0,1231,0.15102381991133676,153.24774753946429,95,78.43825667004808,s,
f,27.0,1926,0.24177899454080617,180.68077229775332,53,77.3214541348387,n,
m,60.0,1014,0.1284424249977633,163.86417733577125,147,83.02456029031019,s,
m,,2784,0.33973511090855196,176.5848989583037,141,76.4506894660968,n,
m,,4445,0.6355263132821932,149.95666286158593,69,85.69454553442742,n,115.0
f,,4358,0.5657803802999906,164.41873300154887,70,64.1591799218794,s,
f,34.0,4194,0.5725849378680555,174.56737627219647,74,79.49453493533194,n,
f,25.0,2712,0.2632715178826136,174.3481616616135,145,51.315700038797104,n,
m,68.0,4519,0.5268556495489755,155.5007615790072,211,97.8512927522748,s,
m,46.0,948,0.21381954214857446,170.88901191321207,68,88.17126459701751,s,
m,56.0,1127,0.16137292770033457,167.25501585993112,42,79.16313212839533,s,
f,40.0,4631,0.6151334131227001,152.93196344284027,50,65.23427779075152,n,
f,,2417,0.3364970386919187,166.78847373454033,78,79.03327950886536,s,
f,66.0,3559,0.38411772655068965,170.4674232091911,120,93.25427597145936,s,
f,74.0,1969,0.3288220667165002,,138,66.10274728172885,s,
f,74.0,4927,0.3635151328521077,179.03467230228654,80,64.86892825347817,n,
m,24.0,4679,0.6506613572559019,157.2032377403532,139,70.03214303891036,s,
f,22.0,1241,0.004133539447508701,140.8441272429857,100,95.0553734233883,s,
f,56.0,4277,0.5101485163773118,151.0494343701301,111,113.75466088400616,s,
f,36.0,4158,0.6440281748631205,166.2279268840089,190,80.73980937878927,n,
f,40.0,2985,0.23307254197762395,151.62681811391806,86,73.60313851559496,s,
f,72.0,3527,0.3239685357599618,144.00593834866567,220,79.19401974526777,s,
f,70.0,2455,0.260508778957212,140.44242461837007,49,95.63221386029849,s,
f,,2521,0.2068742258195885,183.3327368197175,50,101.34189756979539,n,
m,31.0,1974,0.1398666858470978,165.94806026431598,111,71.95469855729584,n,
m,34.0,4018,0.49216513971794174,150.84380989648753,39,59.42728350911709,n,227.0
m,27.0,3313,0.4682731897370345,172.347572275305,218,63.84046681150619,s,
f,,1167,0.09042855578197294,,172,81.37289819442148,s,
m,,1436,0.30755680610542285,143.85637322514376,123,75.23681198973962,s,
f,68.0,4865,0.6651980908985251,180.2853304484513,52,58.398665927763325,n,
f,66.0,2657,0.3125785008596179,165.25223485999362,217,83.95113901622256,s,
f,34.0,4258,0.4648206926551409,194.24280179314871,123,66.21335104196665,s,
f,26.0,1959,0.23064354052243907,128.92619445567385,124,72.0675687636705,s,
f,,2118,0.4313445537803115,224.57974610376033,189,78.41023447214239,n,
f,22.0,4765,0.4975210976906641,133.94938187283492,143,94.67948715616231,n,
f,58.0,4709,0.629771928455728,203.2799943939529,114,90.28871076894872,n,
m,,1749,0.3469977466372798,174.19019157890224,203,66.70541210615829,s,
f,25.0,3801,0.6973057927769993,144.53718866611996,96,79.01148461525037,n,
f,22.0,2942,0.2823255461066841,161.9919023986269,143,82.26693187121738,n,
m,,4866,0.6007815515244673,136.92720062138883,43,76.25099289214957,n,
f,,1574,0.17664480074617855,153.0545230362119,112,72.65492242786937,n,
f,21.0,1903,0.3130880893065687,168.6066597985829,86,73.52835290370172,s,
f,53.0,4813,0.722732192813917,154.9546259322985,81,76.50212124511573,n,
f,,2552,0.48428210061749377,,120,67.24610704812795,s,
f,53.0,2910,0.527147393788383,157.2999469680613,132,78.07629795767225,s,
f,41.0,3172,0.4862743243044804,155.66221333063186,56,78.17548680256868,s,
f,48.0,4776,0.755366653766706,,102,82.25778790042631,s,
m,68.0,4059,0.5561548653929612,159.86968594140473,122,82.69528113052652,n,
f,,4234,0.7948716029253117,,137,86.24278063639346,n,
,68.0,3572,0.6744950922913746,,60,79.87005409346433,s,
f,,3132,0.3343203433457389,158.85968857833262,194,77.78714414529207,s,
f,67.0,3726,0.37776735359391034,163.86566280979937,204,82.42991204263365,n,154.0
f,19.0,4569,0.6872478614397566,197.46196735463536,69,115.08451082759055,n,
f,,3106,0.39459402552985967,172.0405624374075,69,81.96190129554786,s,
m,25.0,4371,0.8576829927652405,166.38251790449945,66,73.65057322067034,s,
m,41.0,1523,0.24828585216265392,151.48456945104493,40,119.85576260847685,n,
f,68.0,3930,0.40556982100169797,149.85000715132458,71,100.3869554117275,s,
f,21.0,3284,0.4838145328597622,215.25626039496683,88,75.52488121505527,n,
f,33.0,2341,0.35219136403931134,158.53902235174354,139,77.51798540151132,n,
,69.0,3451,0.5160718054971234,156.96413627911798,93,72.69872001635176,n,
f,70.0,2542,0.27545354255303184,177.73509681752014,108,61.82100288455604,s,
f,,4356,0.42013243475194756,154.78271989221278,110,84.04299621189057,n,
f,22.0,1724,0.2254197648827593,,107,75.25629248170785,n,
f,22.0,2564,0.40740393851854084,,145,48.829339087540646,n,
m,52.0,2249,0.4593579981101459,,174,67.49252963530121,n,
m,36.0,2141,0.4011131305795846,147.24132233619565,144,68.45252822241903,s,
m,43.0,3930,0.5028736068549124,175.5511223848978,94,88.47457145316794,n,
f,39.0,4831,0.5066916976119273,151.56298570450016,150,69.07883607586837,n,
f,44.0,2330,0.15591557182550633,159.86942161816236,57,89.66497770333335,s,
f,,4437,0.517071216070183,173.9522296789271,58,62.997355140448214,s,
m,74.0,4317,0.6132267132964903,148.4048943141372,80,85.70698761619056,n,
f,40.0,2874,0.39918828308978344,150.40345640141072,140,60.59566233193973,n,
m,38.0,3467,0.5061701032506021,,138,74.41128656315847,s,
f,,2286,0.4214492329895028,141.75315559469288,59,69.2379869700359,n,
f,59.0,1542,0.12252070817354015,188.6552161372583,116,75.39569152827502,n,
f,64.0,3645,0.6124416986122208,192.44846719932374,95,78.94511332647237,n,
m,62.0,2877,0.4580630269194956,209.29463213813563,56,59.20364229783811,n,
,52.0,1211,0.06815900754252881,146.38855259323978,63,90.0057839509058,s,
f,64.0,1240,0.08932543775771185,167.3586669882695,71,73.87835002843715,n,
f,42.0,4101,0.6326016870914607,146.09882682405762,97,81.54998434095586,s,78.0
f,43.0,1179,0.15550777550244163,155.4211853881893,130,97.15270691247707,n,
f,21.0,1403,0.3706767236403837,163.34109401462362,56,93.54868504508661,n,
f,69.0,3993,0.5728162717871519,160.1318685642288,107,79.96360331716915,n,
f,54.0,2039,0.3975511074296629,153.60870006754587,115,67.91727053108421,n,
f,,4165,0.5464853391947024,135.78670693117684,70,94.13329255007304,n,
f,31.0,2937,0.29681516636770977,131.3750267551694,52,80.73712725545481,s,
m,41.0,2685,0.3671114841022764,180.66970659379814,65,87.98459206144926,n,
m,67.0,2823,0.27591406093700815,194.4060569671714,86,92.07665771972867,s,
m,,1749,0.3035251128988955,140.01598956512788,66,74.68899954379607,n,
f,59.0,2406,0.47469127396025534,142.8214144885361,53,69.13373996373258,s,
f,50.0,3359,0.4421060981528405,160.6175659622055,48,69.02893846705798,n,
f,51.0,3211,0.3691131904540025,177.56739066916575,125,74.9119417424718,s,
f,58.0,4061,0.25333778991077927,172.42487400001122,120,72.18451633633656,n,
m,21.0,4434,0.5234319339111247,177.4725165345519,111,93.83204226037014,s,
f,,1069,0.10919730700140134,150.5067025004868,55,77.0557761346881,n,
f,37.0,3633,0.41428065751198045,158.2795940146792,90,81.83760763376051,n,
f,43.0,1273,-0.05907043266053124,170.5953574545899,64,84.98797856416469,n,
m,,4564,0.48459800750632676,171.84650407811816,102,68.43215198080829,s,
f,40.0,4313,0.5708797487977011,143.86146621623863,125,87.62401372053728,s,
f,47.0,947,0.08573770631802934,169.1735446797022,108,79.36996342052252,s,191.0
f,50.0,1263,0.2541609528470254,168.5898354715934,80,87.9510120788556,n,
f,44.0,3480,0.4565831385420492,208.12670077888518,122,86.72109197395183,s,
f,,1917,0.15585428930678125,185.93615739974246,69,76.64157924614945,n,
m,,1101,0.0590365958834605,158.4499673301173,58,69.992971687358,s,
f,,4618,0.7101944487952213,173.4034855459212,213,77.80918722122942,s,272.0
f,40.0,4858,0.807546949688717,180.66107676987534,100,81.34070657754404,s,
m,68.0,3103,0.24134685393081373,156.33987727277892,127,77.4196651386469,s,
f,,1647,0.23404041724773647,160.9600263398978,73,132.26737337346867,s,
f,31.0,1696,0.30356869429414207,162.8942307469646,133,59.4314163437198,n,
m,65.0,3933,0.4633576050193908,168.09184014087052,115,83.69616420161653,n,
f,43.0,3919,0.6321124163217032,,182,79.30338386906287,n,
f,57.0,4230,0.6638215377968516,160.24332154908797,111,83.94043151515501,s,
f,59.0,2518,0.28254198552965226,135.110228468718,114,59.1252759283559,s,
f,27.0,2723,0.27578530926558587,170.31835991740635,200,72.86357514649855,n,
m,21.0,1837,0.3414127202411825,,65,96.28455532837756,n,
f,22.0,2521,0.46820286460890476,156.703456189637,215,82.7929210153524,n,
m,21.0,2940,0.4589620058072657,155.82565379344507,50,72.95583027227401,s,
f,50.0,4783,0.5934918148850835,194.26017176016373,146,77.84750849221413,n,
m,,4427,0.6508472954092581,166.39108617917137,61,94.04940223581684,n,
f,,1378,0.37327193143959886,168.76998476493378,161,72.9736753201133,n,
f,,4861,0.6393858099523879,191.62986883458095,90,77.92631812083322,n,
f,45.0,1828,0.32041574975641146,181.38490660008932,75,70.63568393014765,s,
m,,2398,0.314690046628448,157.6623851695771,87,92.1143403628886,n,
f,68.0,2015,0.061900554797270434,174.352203172267,132,91.25933394749156,n,
m,,1663,0.3000246232011733,158.02833856462064,174,84.41266503504076,s,
f,70.0,3042,0.2247249197916706,187.7598303090365,114,76.29088398431043,s,
f,47.0,1216,0.09232168806547439,158.82400970256862,58,62.10631081525472,n,
f,51.0,1738,0.1699549696932347,148.39301021961612,115,80.76626161585425,n,
f,28.0,2894,0.28100412195290153,216.12633617680171,215,98.33436471333658,s,
m,18.0,3895,0.427272076021573,155.2920531644941,75,84.95673576589589,n,
f,43.0,3490,0.36613459598930503,192.95798681411455,217,87.30861847780709,n,
m,61.0,4627,0.518441636214785,163.5919440558009,108,68.02288421363612,n,
f,23.0,1103,0.31779011832039455,157.9712440610894,160,77.01899442086757,s,
f,59.0,2829,0.29555555238029635,154.02612695202293,52,105.1451547067427,n,
f,33.0,2514,0.3227327462359879,172.1101340958253,148,91.81227101476593,s,
f,47.0,2546,0.2115235027725136,117.10609753563494,85,82.45666991553601,n,
f,42.0,3939,0.5168656763302952,164.82827251053268,71,87.1137383828746,n,
f,38.0,2580,0.35198482502638656,,65,68.16886484296249,s,
f,26.0,2923,0.39091362136886343,171.39871372725378,64,69.54218955159654,n,
f,18.0,4164,0.5109713440457859,158.82666659236818,53,80.10926388540489,n,
f,,2804,0.34213248416505593,154.0642024318062,121,87.7216843438557,n,
f,,1389,-0.02554314563782475,154.7362377298605,123,94.48675707635367,s,
m,32.0,4610,0.5047297098365248,140.5825875363727,59,49.82056466813329,s,
f,67.0,3389,0.590457875352322,179.69929133461514,51,64.40356270444072,s,
f,22.0,4078,0.6117504357362613,178.22422950617795,48,71.93776903240429,n,
m,53.0,1168,0.13956711559206583,171.68671450265205,112,88.34221353317994,s,
f,,3667,0.44402035405030765,161.19800852950712,44,76.5554516645942,n,
f,39.0,2743,0.20000686769296827,161.23655907864696,71,70.36791210997163,s,
f,55.0,4937,0.49856424538410427,154.47349963837468,43,78.77111676819166,n,
f,68.0,1527,0.13443071175478935,143.14780395859842,154,93.96773867966108,s,
m,22.0,2875,0.36241051280183767,172.84403799889108,92,84.55264001407144,n,
,60.0,1545,0.09482988054472198,153.99358763322118,159,81.1438724771675,s,
f,73.0,3245,0.45573974879890583,169.94122375291008,149,78.5111796336229,n,
f,32.0,2229,0.27053966619363673,174.55724215119216,214,95.56270636013541,s,
m,,4552,0.5891871843265852,175.22189821545427,61,79.0764108647252,n,
f,45.0,1154,0.2848164299600864,,134,51.7716741616539,s,
,70.0,3061,0.31816925753682174,161.60195645583997,132,76.26650244547257,n,
f,44.0,3553,0.478389337114448,141.3325577573769,43,77.56455791577385,n,
f,35.0,3714,0.4181729063100285,172.40777595499128,124,58.79514304942495,s,
f,53.0,2750,0.2992038682006385,173.84319910871432,226,89.21778951051476,s,
f,38.0,4308,0.5661427190960198,159.44665746730152,215,91.85682027302673,n,
f,,4927,0.7055557668049524,140.8513719064277,111,76.49629907468646,s,
,63.0,900,0.012991916096011233,174.054801388137,119,70.7379221839137,s,
f,66.0,4308,0.6815329373324919,143.35284960524714,192,79.86815793509652,s,
f,67.0,3839,0.5421939664778979,175.06832807392738,83,78.50905651317554,n,
f,58.0,3713,0.7197357766670253,177.18454296678442,48,89.98089207403073,s,
f,63.0,1214,0.2933659256310757,178.24400154934236,129,49.4892456680009,s,
,37.0,2654,0.3261661632523286,,114,86.88729299529527,n,
f,22.0,1479,0.13087955065136453,150.0827175791959,99,65.27054753532688,n,
m,24.0,3227,0.2623632603136701,145.99760155971592,97,108.52646539176601,n,
m,67.0,4252,0.6435160885100487,,100,77.37093755886713,s,
f,40.0,2977,0.4471450491498927,159.38000532069296,226,69.3288080553405,n,
f,,2711,0.41966354746344375,,57,66.25331514991802,n,
f,43.0,2516,0.26454314017610725,135.05385080248664,110,91.92407331380612,s,
f,,3904,0.3950763593771393,211.21775020844748,127,79.27085956541498,n,
m,56.0,4025,0.5874267228944811,168.86209402434557,41,97.35449368388987,s,
m,36.0,2821,0.42206438832753856,153.83659960422494,39,64.32152621699245,n,
m,33.0,1903,0.23007968408513157,171.2763818952077,129,93.78905789702144,n,
f,62.0,2178,-0.02808205360413699,191.8921679426345,72,68.88258105025587,s,
m,48.0,3160,0.2778918318171017,169.71468356704017,47,80.83946886213998,n,
m,58.0,2603,0.44290591679159286,,149,71.45509642603274,s,
m,59.0,4381,0.5459222377313918,169.15666328336164,68,94.45469580774783,s,
f,54.0,3471,0.5103053794013694,150.34588221903692,39,81.81765497822096,s,
f,48.0,2697,0.2993324602780574,184.51168016820546,186,77.80116995977416,n,
m,19.0,3717,0.3644238333064925,156.67782136909292,91,83.11936728673386,s,
f,,1426,0.17923017229088942,147.91987493280118,167,83.12129581208457,s,
f,48.0,2253,0.3837226294906092,173.99801650738803,147,78.4555952630559,n,
f,,4939,0.5808999105314651,145.29119982882827,145,59.23650758394929,s,
f,44.0,2167,0.2811915058724033,163.6345540047132,130,75.90064065264752,n,
m,44.0,3535,0.4922684406039053,,72,74.77806948602164,n,
f,62.0,2819,0.24878238432181773,162.47727427132688,63,80.46484221530187,s,
f,65.0,1747,0.17882321792835015,157.22940667165688,118,82.92459018698833,s,
f,23.0,1834,0.2070777128550064,170.66800545946177,51,65.4807545049701,n,
f,,2491,0.5008409484995289,146.32890636005945,223,82.30070599108966,n,
f,72.0,1971,0.17378527887932854,134.44303998285105,169,82.18212072740926,n,
f,,2693,0.27614440641161725,158.4988937060636,40,91.56283171977506,s,
f,64.0,2424,0.40494572456082584,167.87280273199855,70,92.22940782738304,n,
f,36.0,3881,0.4219334757679231,190.0995671523367,173,67.18176372577891,n,
f,54.0,2598,0.33591672756693486,147.91284868069351,129,72.69967186807325,s,
f,53.0,4525,0.6949739527370391,157.15398309411444,127,77.28898624346468,n,
f,49.0,4761,0.7320160062343462,168.7692196312675,132,83.15324910705985,s,
,33.0,3288,0.4059317068250834,134.46257339537888,38,97.26151980640313,n,
f,70.0,1136,0.06427983647126001,,136,65.88551500003163,s,
,,3915,0.4932200739334574,190.3339219467457,67,71.49543705897364,s,
f,28.0,2372,0.31669333111816206,161.24783639131624,207,70.07412500261728,s,
m,,4327,0.5518244701227263,175.26182454018445,110,77.21247711348843,s,
f,23.0,4160,0.6299570601276625,183.6562774083137,87,83.73065098956297,n,
m,36.0,3489,0.5193693636865873,186.30993185294855,93,78.66436623201791,s,
m,31.0,4278,0.5604103759837793,196.97240659981117,41,70.07529736790421,s,
f,40.0,2609,0.5026896878645278,142.22032700119803,106,89.37585926370942,s,
f,,3243,0.4531959881606178,166.4331228760188,95,86.1483254052324,s,
f,,3314,0.27225569109877323,208.59988509497467,55,107.871712669006,n,
,42.0,4697,0.5506251802954288,138.53571364703018,121,72.10403734804598,n,112.0
f,56.0,3561,0.49561093387682104,180.68956439183148,73,82.35393211651002,n,
m,33.0,1138,0.21358706955302117,178.78968847466376,71,81.64644963223851,s,
f,,1827,0.25716925435372084,177.54482025731104,79,74.65907360652787,s,
f,34.0,1314,0.20168299235632028,151.93721832734101,80,76.09404935084049,n,
f,24.0,2798,0.23011024496151478,202.71338397957174,99,86.03636029414365,s,
m,,3172,0.48183523546221624,173.77317768012907,103,80.84320393594648,s,
f,62.0,3496,0.6555143435469744,174.41973530973004,140,79.41022004363391,n,
f,,3682,0.41765272205282455,183.4440721206597,126,66.3995439657965,n,
f,35.0,1813,0.24497366335790624,165.09352671940303,38,60.11557598501806,s,
m,20.0,1396,0.19358085235160588,136.7187977952032,97,99.7570187807881,n,
m,29.0,3612,0.35635187715695693,166.1013567062044,69,80.08584547175302,n,
f,,1552,0.04438352394581107,167.24269660111872,66,100.8491750734922,n,
f,28.0,1962,0.49733678800119496,143.34727171727684,64,87.04701785418608,s,
f,26.0,3035,0.43002904595073216,184.72507049032563,70,89.53164946040366,n,
f,57.0,3713,0.3536652463834414,,51,79.02585033822785,s,
f,63.0,3349,0.4023535043346862,172.04205344927922,143,87.86472190141903,n,
m,51.0,1444,0.4458480178880711,168.8628197495632,149,53.198331596019365,n,
f,19.0,4934,0.71922518990057,164.33735100122547,118,73.76604233333401,s,
f,26.0,3714,0.41860450028845525,167.77825063340862,71,56.04219965549005,n,
f,22.0,1582,0.21061663960002175,150.09356410680638,54,87.29310579773157,s,
f,26.0,3524,0.4668413873496447,138.83263784492684,121,75.84594824230335,s,
f,42.0,2792,0.3393778070852046,203.65069462596074,160,71.30484550227122,n,
m,55.0,2638,0.40546736359790364,161.561590019343,78,97.0456548419014,n,
f,52.0,4890,0.7325123485923876,187.37937569665823,197,74.39070748829195,s,
m,58.0,4152,0.5171632261395104,158.34241920836502,47,55.669305493727,n,
,,4318,0.7691703071559034,174.66615340466848,116,81.41278903961924,n,
m,60.0,4640,0.8275472093477115,175.41057044589635,89,73.3732108920258,n,
f,18.0,1742,0.1949128830045156,147.18007862846298,80,91.82477313903341,s,
m,62.0,1295,0.34048722703624507,189.33585630218442,101,59.89732094937357,s,
m,62.0,2663,0.3617723288522355,150.84778275695064,67,71.10830014920067,s,
m,61.0,1719,0.3296259990166824,171.91896145574336,70,94.45602788806613,n,
f,54.0,2839,0.2700123023528642,155.93740192247364,58,93.54146304033947,s,
f,28.0,2362,0.23636981631165613,135.7909223570038,95,96.01603726546493,s,
f,30.0,3277,0.364394609594289,186.0424756263937,43,87.47310295735329,s,
,59.0,3569,0.45299651883032027,177.6380377654,78,85.74640228637357,s,
f,,2194,0.36813382043861803,145.69400090539338,125,72.17564349163285,n,
m,,3643,0.35059734436338186,177.8327388368304,107,83.75515178481395,s,
f,,3853,0.4792803866740609,,47,95.81302472310732,n,
f,61.0,3890,0.5906290617311313,160.43478288055354,71,60.29447132813184,s,
m,71.0,4751,0.6586532274325682,169.68412490274724,136,71.45835003841138,s,
f,38.0,3586,0.31945427017977607,169.94202006816874,118,95.90226060885442,s,
f,,1874,0.30860629311952953,171.00988691978836,109,70.02811669164649,s,
m,36.0,2415,0.3003784890580088,153.07061215163216,100,91.9125031262098,s,
f,60.0,2334,0.205403737059379,152.32725766448394,224,57.01750377079616,s,
,,3868,0.4912822660077721,197.59514065459425,123,72.29341100196734,s,
f,,4663,0.566145330029999,157.4658864057324,69,58.34486772103434,s,
f,51.0,4161,0.5783219158642702,,41,87.32924911261799,n,
m,44.0,2072,0.26984676319276474,146.05285116085065,128,61.848947660465164,s,
f,49.0,2919,0.23682511021014752,155.35437815766042,99,68.93256821473399,n,
m,,4469,0.7184219400659194,153.5452661429733,91,70.34680428587289,s,
m,49.0,3781,0.5447714710019895,141.26580081285582,83,74.05916765626837,s,
m,39.0,1045,0.2125743706787517,198.60910473106551,191,80.63487095178206,n,
f,39.0,2048,0.392861086547532,187.22950425533824,38,97.22445680484867,n,
f,28.0,4979,0.7684484434625877,158.8378139445565,87,96.46367264924785,n,
f,65.0,1766,0.05805645875384155,179.0049015030542,102,64.43175406806583,s,
f,74.0,1279,0.28163872430742115,182.70331948935203,81,77.02914639552162,n,
f,48.0,3995,0.5498921218994608,145.8134496151031,50,73.79006812398842,n,
m,55.0,4291,0.624446083695447,171.3525191739299,136,73.50407668302158,s,
f,66.0,2421,0.19960943069093381,179.11454411225392,58,76.82760900462917,s,
f,53.0,2454,0.4455880151459296,173.93552036724014,67,71.9044995679776,n,
m,18.0,3686,0.45769283195632116,179.46593189651733,114,67.93076168464147,n,
f,20.0,3245,0.4060097170036816,132.61116117545433,80,105.20246595171355,n,
f,65.0,2791,0.5458720536044723,176.09488453143015,137,98.18957622102128,s,
f,39.0,3397,0.49661420978749465,207.59448465811707,110,81.05276028916651,s,
f,49.0,3090,0.4618615460364643,159.93612067607378,211,88.80243829588353,n,
f,40.0,3141,0.31397051665739234,185.17348512113458,96,91.81879148611434,s,
m,24.0,2458,0.35443700320592486,182.36285786904352,126,65.5358859746915,s,
f,53.0,3139,0.4046330789553981,,170,75.70619923440998,s,
f,25.0,3086,0.5271437148674939,136.84634561666604,60,91.32273334571741,n,
f,37.0,1955,0.08735498141916377,146.19534865714934,58,81.06490137149264,s,
f,24.0,3490,0.45706235198974693,166.93488156248543,139,101.69001285392847,n,
m,73.0,2656,0.5470494843374397,171.60384993862974,80,77.96335566359346,n,
m,43.0,3730,0.49061068431886534,,101,62.712630241486686,s,
,41.0,980,0.21748713355091587,162.52983523680322,54,65.00278191549549,s,
f,46.0,1540,0.20301418264088475,140.0790353269911,128,85.91212393017553,n,
f,,3531,0.5543376946980063,153.62809707173244,53,78.24697501398137,s,
f,74.0,2537,0.11401562492571989,174.1623360619072,143,64.63814933205478,s,
f,25.0,1118,0.1353197228661855,139.22739861612382,144,85.51711975930881,n,
f,,3346,0.6915925193941787,180.51818050248104,78,87.40227707695092,s,
f,,4878,0.5810038450841943,174.3976037682123,68,82.44584552487754,s,
f,47.0,2675,0.1603866801198005,171.78128449820971,99,74.43598405796352,n,
f,24.0,2640,0.444376036299559,167.9858789228633,141,80.76846713775903,s,
f,19.0,2282,0.4127104086983629,153.48873471960792,73,61.11593882394423,s,
f,27.0,4059,0.4912233865361661,133.62614668759855,84,71.69155733857099,s,
f,62.0,1279,0.1306665319545338,152.58844927046871,77,84.28573956028747,s,
,30.0,996,0.23307126975696343,147.05227532008885,167,74.94496421649798,n,
f,56.0,4896,0.6002744230003453,185.63382858089338,47,100.78791487259564,s,
m,30.0,3378,0.28062071438609126,161.7380568957126,110,82.58525357187712,n,
,36.0,3469,0.5392939434645987,137.76633445906134,55,64.08704651853544,s,
f,20.0,2682,0.43273778763775644,217.41422354514015,105,83.90129711784837,n,
m,30.0,3032,0.4741682127129986,178.8471130403931,79,84.62635284360086,s,
m,27.0,4092,0.30783656453982366,176.40619319658947,137,75.09133999052068,n,
f,,3076,0.13339297774312175,163.9445543204643,79,73.3994948423678,n,
f,49.0,2412,0.363124370466353,153.562333811772,217,73.6950371041967,s,
f,31.0,1623,0.32325872501880853,158.26986524601944,121,94.02658891727684,n,
f,66.0,4849,0.6243963579337226,169.48042323065863,67,73.62882835791457,s,
f,33.0,1537,0.20039419451715232,135.48983154134635,54,77.65600593760362,s,
m,41.0,1650,0.22696599791266928,155.9764180678733,135,79.96455465931938,n,
f,41.0,1069,0.06830814601716508,163.40692581860054,148,86.78667092019752,s,
m,50.0,3824,0.5055983387435921,151.49329059668065,106,86.41947086859558,n,
f,50.0,4059,0.42555145052701754,161.14498617223495,48,89.92023551595075,n,
,71.0,2271,0.5481676508651141,185.3524601759977,118,88.2704043317886,s,
m,,1705,0.20623638939870456,155.57905975456546,161,66.54487963759318,s,
f,26.0,957,0.06170879855334269,173.07745806796308,39,83.4614924001462,s,
,43.0,1698,0.22253360132828584,138.10934472677954,99,72.82595796831157,n,
f,,2396,0.3714573383516579,,113,54.05296465669867,s,
f,,1309,0.18603925585618264,,143,71.45534158113517,s,
f,19.0,3255,0.37833950148368906,168.20382220851835,87,80.37788223839448,n,
f,22.0,1901,0.3201645530838941,,47,95.7621658207461,s,
m,,4034,0.6542890378313349,159.6160582387934,132,77.70471748715646,s,
f,55.0,3176,0.2328140446180522,145.25602664831555,62,85.34760738858004,n,
m,61.0,2138,0.25765447325690494,166.52119871621105,78,76.12625498502581,s,
f,65.0,2725,0.1973826540310007,166.59978920064697,47,89.84829827869719,n,
f,63.0,1036,-0.09060618702268473,162.34111806324478,152,103.87938021544309,n,
f,,1937,0.1906865443063585,143.4978354634302,95,65.70903752214731,n,
m,68.0,2962,0.40293308448845533,154.93509785731058,118,73.58707150177064,s,
m,54.0,2288,0.1935647778346078,173.01961358262866,148,78.81037349879381,s,
f,62.0,2248,0.14323790570934042,151.5387107448547,45,75.82571954280367,s,
m,72.0,3994,0.5749681701635121,140.91014852225376,87,73.40445318385186,n,
m,18.0,4889,0.5698871851068907,191.62210681936185,142,88.75613548072201,s,
f,26.0,1461,0.2070215295011913,213.04322102771425,72,78.91508663519407,s,
f,46.0,3821,0.6114778750312464,164.07108627189615,90,84.0419301074835,s,
,27.0,3311,0.5317344739515837,173.6783203058812,47,115.4029678358614,s,
m,60.0,4497,0.5747400295119216,182.41414892715497,125,104.69338336017105,s,
f,21.0,2817,0.3291146451097772,164.87008033789178,112,84.3184755337671,s,
f,54.0,3453,0.5085755959459091,175.28035499752582,101,68.27999910630338,n,
f,54.0,2221,0.3802885687102524,167.4815652465475,93,74.08902999037436,s,
f,55.0,1967,0.4602829074554771,138.11050961431104,40,56.73769200962315,n,
m,25.0,1802,0.4066869757484968,166.700519056026,109,78.10698482215128,n,
f,42.0,2157,-0.004106813702756517,185.54237707659047,53,75.5059121989207,s,
,61.0,3771,0.40793904532782355,163.0318586984899,62,84.21620724231624,s,
f,37.0,4548,0.6042858932960705,150.73077877231606,130,77.38652365306754,n,
m,62.0,2212,0.10379030102079881,164.93724051508892,43,69.51811425126053,s,
f,,1085,-0.020115774782881044,159.0772020469745,67,67.8799884162326,s,
f,69.0,2437,0.376091555161932,161.46466810994767,63,83.47644588833883,n,
f,53.0,1304,0.4160762723095093,163.84630272173678,168,62.757343997834596,s,
f,20.0,4403,0.5038719180213559,148.5694314599337,99,96.65561874600792,s,
m,25.0,3768,0.45538343661385905,154.33230203846486,117,81.82653948125207,n,
f,55.0,1675,0.1419510569187397,168.36670310169572,67,89.09004748091662,n,
f,44.0,2580,0.23535100638228817,150.07770028789062,92,69.95619609355501,n,
m,32.0,2408,0.4060632593937992,197.07999595612236,179,62.626864486549024,n,
m,53.0,1643,0.2660041460982836,147.14211299365596,141,99.04577424984126,n,
f,40.0,3273,0.5462308379778288,158.91088611226462,63,79.34568827453785,s,
f,55.0,3208,0.5106043454207974,150.58872383525159,135,79.56931936936387,s,
f,53.0,4858,0.8104458749464739,179.30107488142048,77,89.60123624344413,n,
f,68.0,3320,0.435506810733588,155.3825003961474,115,89.41492368216903,n,
m,,3062,0.30787114595091863,,116,89.20390503389184,n,
m,66.0,3226,0.5819529957832396,171.6979592404926,149,82.37389829114738,s,
f,18.0,1348,0.022171366722732865,143.27965948066415,116,62.45760455523598,n,
f,,2196,0.22525564170336043,174.23168691241787,74,84.72032319118024,n,
,63.0,4808,0.7376530604019308,,83,67.85129411968454,s,
f,40.0,1832,0.2906991237051072,148.42260028841292,46,84.31746793980989,n,
f,51.0,2167,0.16407160808624996,162.50374661481254,67,76.89115361592312,s,
m,,2152,0.4862180169707874,148.93866949012963,46,67.25659124193739,n,
,50.0,2118,0.2695008596095775,157.63345021942507,53,70.0261686165855,n,
,,3824,0.38945268280862866,187.9698889439071,181,70.97676850313245,s,
f,26.0,4093,0.4790558171030864,169.31436834403706,137,67.28517064031887,n,
f,63.0,4425,0.7104007831781082,191.79219089471587,72,56.742959487351186,s,
f,59.0,4600,0.5982373245815881,190.45714667859014,121,85.1959565804372,s,
f,34.0,4569,0.5786079159290344,,134,85.18671877992468,s,
m,21.0,4833,0.5280766785143112,170.9428203004302,218,103.45989435959375,s,
f,33.0,3754,0.5725503095138296,141.59004644486856,139,76.67410661166308,s,
m,20.0,3437,0.43387555297365343,169.71918290104674,77,78.65049113610706,s,
f,65.0,4319,0.512735282622153,146.47802056303428,123,97.82923682177727,s,
f,43.0,4154,0.4968160017695609,134.74257511791288,144,95.35436807891249,s,
f,57.0,3785,0.5218903116864531,,77,78.8537882062577,s,
f,,1100,0.16355589606370285,155.94260314607865,44,58.73189639932626,n,
,,2424,0.24277493295042055,195.08783169388306,107,86.95385151238438,s,
f,64.0,2593,0.47717208858965193,155.22529273676577,76,75.71569874577192,n,
m,30.0,4323,0.569296357154674,155.97334908064954,219,80.98950819488651,n,
f,50.0,1207,0.1308073598186464,183.82733224470613,149,55.56557137628074,n,
f,53.0,2279,0.12192437134737742,161.83859866371148,67,88.85521601920688,n,
f,35.0,4063,0.6386756916132542,,78,83.6213441796436,n,
f,,4718,0.6792605016988998,161.27788405269033,146,75.92494177911692,n,
f,29.0,4967,0.7805736085887974,168.43827272356603,72,81.62247587174812,s,
f,22.0,2329,0.31006396277745624,165.1115386736947,224,84.07671630803037,n,
m,,4857,0.5088873535924232,176.18736926085575,160,80.29537919437317,s,
f,51.0,2657,0.3899525467687207,160.9005244797668,127,100.76771549026132,s,
f,41.0,2217,0.2864592589082335,134.99153141783538,131,67.28028785812182,s,
f,52.0,2252,0.45704097710226016,177.13017253800578,46,75.31717224356453,n,
f,66.0,4643,0.53328185181426,187.08504870572267,127,78.44850347130416,n,
f,57.0,1325,0.2624395480979035,175.71621107400222,179,74.94417577705428,n,
f,,2489,0.3388926976604013,144.53685823398297,105,79.17506544897982,s,
f,68.0,3979,0.5736271639335455,163.94256607378213,90,110.67055240716591,s,
f,52.0,2902,0.38247656242912925,183.30725241002273,86,67.63937730082094,s,
m,,3815,0.6122664356660712,213.78041418043614,115,95.75700015600862,n,
f,50.0,2210,0.31038680751631775,165.84253337375242,116,61.89829448776884,s,
f,55.0,2011,0.2544797828241252,137.66664290595955,48,91.77398948207181,s,
f,50.0,3055,0.3824709450831028,169.90756937843946,217,81.51919052235792,n,
f,28.0,1769,0.19810213369492427,187.1052390824428,71,89.31781792175401,n,
,74.0,4563,0.5246940181507173,181.50536242116527,104,70.18924977171376,s,
f,47.0,903,0.18980340161203263,161.63436165320573,131,75.20121675759033,n,
f,,3324,0.3899390946437584,192.20111130896393,140,72.57317079909556,n,
f,54.0,1465,0.1585270061421789,169.5743709720989,105,101.62954989469438,s,
f,,3873,0.6408157048798602,,102,50.32710234135082,n,
,40.0,2260,0.10280373371026286,182.23281755351292,149,78.19989239738482,s,
f,71.0,2378,0.22345843955908531,163.80713723726103,47,81.66172086031386,n,117.0
m,72.0,4298,0.6157912457506264,,117,82.19796979955241,n,
f,,3808,0.5641852625191888,156.84977518342254,101,100.88053232585193,n,
f,20.0,2900,0.38696699121281997,143.38664284808002,94,75.78939710114688,s,
f,43.0,1860,0.28809045129302646,182.91939657890694,170,87.88537601503143,n,
f,,4798,0.6620131039020284,141.27808159582352,224,68.59604570661081,s,
m,,3005,0.4492793928130922,152.86803699719567,104,56.422646762423895,n,
f,28.0,2711,0.11235599862436006,168.12088829034062,127,80.0937374124655,s,
f,,1886,0.1946907272618078,182.3572647105962,45,68.24003814012052,s,
m,41.0,1479,0.22913497557818824,159.63515050102558,82,86.2829727589184,s,
f,,4454,0.5283984878712735,,39,73.11215044130851,s,
f,,4517,0.6494424112878698,176.85017142079582,218,69.41320473703324,s,
f,73.0,977,0.09142783987478463,179.00608987571698,136,89.20700959249788,n,
f,29.0,3506,0.30430274898995197,188.9343986331273,153,78.63455963722106,s,
f,64.0,2986,0.39066710331501553,,86,76.29207578428006,n,
m,,3981,0.6913048426011533,208.49358393685884,68,54.467020857171626,s,
m,52.0,1126,0.16721926203825938,,107,81.80211835376892,s,
f,38.0,4209,0.5354004554696868,158.27602981350725,62,105.42397450285215,s,
f,,3661,0.4377772252402391,138.1315980718667,137,89.02024671014742,s,
f,48.0,4072,0.49764040720278263,169.96709642928033,40,67.6720023304179,s,
f,,1844,0.20298584140883996,166.76088459814395,112,64.7150661248439,n,
m,20.0,2570,0.4239235146135423,155.5781527927955,139,83.73250933536221,n,
m,20.0,3958,0.5548037481642176,158.8751921163423,76,80.99987313598783,s,
f,28.0,3376,0.39941806336410857,200.86681173670948,104,85.08285732823835,n,
f,34.0,4288,0.6646819319284453,157.92998856606266,111,71.25695259715398,s,
f,66.0,1447,0.233712021324589,200.17314166232958,83,83.78834955406444,s,
f,,2344,0.2550292322058649,157.29905341949348,46,94.302525817234,n,
m,,1710,0.36758823487328207,183.24834283000402,214,94.55991861477064,n,
f,72.0,4929,0.6779270090832916,126.4608850470957,141,65.79988364659548,n,
f,47.0,3653,0.36364857186578736,168.11360328586545,88,70.34318293528472,n,
m,68.0,1523,0.17347805785051784,144.5495957110159,115,73.35853481938022,n,
f,59.0,4040,0.4645856579948996,184.36025220705065,148,106.12516404558365,n,
f,27.0,4821,0.5627841473942643,172.41711183524896,61,98.29624597896171,n,
f,54.0,3912,0.40946218707159787,135.64505373637354,59,96.12526741863275,n,
f,55.0,1406,0.14725824235002025,,77,80.77880141978605,s,
m,21.0,1368,0.10464132881193079,136.97657494195028,70,81.0934446253914,n,
f,,4947,0.6080882317455651,171.62839533612376,61,83.7816810879814,s,
f,37.0,3241,0.3174994166371213,208.8701488070859,119,92.60474558611764,s,
f,,3714,0.4977601105349947,162.702660059667,82,109.21501431793618,s,
m,43.0,2818,0.24013595373928356,,94,86.16866935390937,s,
m,18.0,2539,0.41995346144141366,162.60766907435385,117,57.36187849968443,s,
f,18.0,3140,0.5240453539008406,181.7574076202049,155,100.9179477718629,n,
f,47.0,1411,0.011815317234377563,163.17294769637385,93,71.51830061053987,s,
f,,1169,0.1549247736966563,,95,70.38267272358624,n,
f,42.0,1101,0.19326531256628526,176.58814563435283,74,53.70312872789786,n,
f,,4803,0.8080080625759813,,59,74.2201790698168,n,
f,25.0,2957,0.4512141779815772,149.43095971910037,89,86.27884395336983,s,
f,64.0,4217,0.4304824887756903,153.14343029982345,46,82.64571590944695,s,
f,48.0,4502,0.6048489453964327,152.20966965757603,76,66.98645986563582,n,
f,47.0,2520,0.3340161386455247,145.56143006021463,103,91.48429506023535,s,
m,71.0,3796,0.5874389185524675,161.61895173424625,165,90.475339146623,n,
f,42.0,2195,0.07492738021692699,169.11121852265939,66,66.01145953993688,n,
f,51.0,4800,0.6635239141768289,,52,79.21872946873796,n,
f,24.0,1930,0.25242974068091156,167.34489158115952,137,84.02607509138527,s,
m,24.0,3971,0.5006920723058143,157.05230974418933,224,67.34555944544891,n,
f,19.0,4932,0.5399898736789523,146.6305552655733,62,67.17999578704504,n,
f,26.0,2086,0.21012515863144282,183.68218254721046,95,79.35799080737631,s,
m,64.0,4342,0.6277408405828748,186.14053110551816,115,72.27178906502789,n,
f,70.0,2597,0.5010177469509551,138.5389690188257,98,83.45934024393654,n,
f,61.0,957,0.1913886638468154,142.49417191836864,61,74.14003311408533,n,
f,36.0,1728,0.24624706360172657,202.07150446892408,112,104.46524798212238,s,
f,73.0,3821,0.3995022617444561,174.75005878514813,40,92.99144889729627,s,
f,48.0,2714,0.3670600581250147,163.00445461537075,83,68.54407746596259,s,
m,69.0,2330,0.2698591204342878,179.1518159666328,71,71.7126463319641,s,
f,47.0,3464,0.46118754345199586,168.55811795638576,148,95.46364465054212,s,
f,72.0,4751,0.700133672572865,137.07030140403276,49,80.08122860972205,s,
m,58.0,2811,0.19963727097706177,161.45690436228455,108,70.70715406252474,n,
f,58.0,903,-0.008964429416303847,170.55550055473424,113,66.0098818817508,s,
m,54.0,3746,0.37952428232166485,164.6442751943528,42,60.2848486648103,s,
f,68.0,3302,0.44454925351526425,165.29542510858434,101,71.2934941928655,n,
f,73.0,3044,0.33933005012248657,137.5336291927685,105,93.71814532025809,n,
f,56.0,1277,0.2185579690706604,171.7387387566196,52,74.23029423393743,n,
f,37.0,3127,0.4854534241976227,164.9133955646788,113,59.503363264903136,n,
f,56.0,1781,0.16951572985833824,132.66001737073304,178,85.81037123740093,n,
f,35.0,4728,0.5882262066108637,146.16098071052375,117,85.6726790631922,n,
f,58.0,988,0.004933374777210019,143.90781946626137,76,67.00863250082429,s,
f,24.0,2090,0.4677843014933105,121.16629011260622,138,84.89166250115312,s,
m,,3592,0.5086763158727035,148.49654304926793,51,87.8757559715496,s,
f,47.0,2913,0.44974557791961217,145.62071981542556,54,64.60164465725406,n,
f,31.0,3552,0.45234258086334556,177.264061432305,98,103.36031377178958,s,
f,48.0,4853,0.747325366033448,152.83034184294382,83,72.55906776248499,n,
,,3252,0.4015367175229494,,81,57.655736198636724,s,
f,41.0,1954,0.2282383516189806,211.81234847427928,48,81.58542727098907,n,
f,49.0,2003,0.27767114552244115,177.58634345744673,182,92.93361337648864,n,
f,33.0,4396,0.7337052430243841,136.63842117342898,51,90.74733694706217,s,
f,40.0,4686,0.6494549511293495,170.82058437832723,96,62.911532925425206,s,
f,,2438,0.5065639422612798,149.71777846903734,60,76.79234829428394,n,
f,,3778,0.31592101148183493,185.3119927513174,94,63.91651524577867,n,
,41.0,2157,0.21900059743256198,169.77268609956312,170,75.75677245589341,n,
,64.0,3865,0.5899716986983005,156.42398008585423,68,65.81451754738214,s,
f,49.0,2002,0.12014236847612383,175.16581329659098,77,80.8928344542075,s,
f,45.0,2846,0.2659468534568462,170.60448817432447,141,77.22380339828266,n,
m,52.0,1557,0.15005208295755765,193.32639940503032,119,80.75413939440053,s,
f,,1720,0.3023127937766525,190.68016668445642,61,60.60471813008329,s,
f,63.0,2087,0.2809076774812146,182.96420316639606,51,72.74491885841617,n,
f,70.0,4032,0.6861528933392945,191.502718052952,146,61.35136991336459,s,
m,48.0,1102,0.0420113357474792,212.54220409809236,70,84.93881777427308,s,
m,62.0,4470,0.6292717905224959,136.1492328147413,122,75.54064560303607,n,
f,42.0,4559,0.5038780018499623,181.40829359816044,90,76.00696780071215,s,121.0
f,33.0,3971,0.5720704836073454,199.6259469247826,83,76.14639543629107,s,
m,22.0,4293,0.5080546779731071,149.06325660421473,96,75.64458644107879,n,
m,,1519,0.21502388899605354,193.23027282956357,120,63.673782944957836,n,
f,71.0,1657,0.10934895952428574,191.25879254437885,76,73.29049303212696,n,
m,73.0,2024,0.29426460797812426,,101,66.76179418921821,s,
f,36.0,1736,0.1844111591311863,184.21673911995902,177,70.77308670367904,n,
m,37.0,1408,0.019024523023239953,,227,95.530019236098,n,
f,46.0,3323,0.5917218152096415,128.54297971195814,39,78.58889661665005,n,
f,31.0,2591,0.39400792139958424,166.5593157077573,112,61.275404783478,s,
f,36.0,4037,0.4520101823177289,141.942706943523,136,75.63876026121484,s,
m,42.0,2784,0.3521432700398566,181.51638798083093,73,95.9642492172006,n,133.0
f,49.0,2958,0.3123474725159387,187.86129760872012,122,69.31459234091389,s,
m,56.0,1469,0.16936027887546798,164.73490983851562,132,65.08255459558247,n,
f,64.0,3799,0.41562038184072425,156.46581624185555,48,81.4283251988616,n,
f,,2733,0.28619936585428835,,118,75.97336248772878,n,
f,26.0,3549,0.5445083022758085,,140,97.1042896756277,s,
f,21.0,2835,0.4125594479657103,193.81233605361012,59,100.59421680730033,s,
f,70.0,3879,0.5363472875445372,163.13823991227636,67,78.56819389310392,n,
f,26.0,2480,0.2950540500503884,175.97749586295146,54,75.8058311739547,n,
m,41.0,2156,0.2611238158543319,163.4643997752195,47,64.2503208019149,s,
f,19.0,1537,0.32177677858223364,200.2778131718123,79,75.33499913506293,s,
f,,2024,0.4106368764733955,151.9409084692801,72,75.59019983517761,n,198.0
m,62.0,4627,0.5945329645977112,148.19666823768216,79,108.89116618481448,n,
m,63.0,4582,0.6429521360398125,167.31780003047965,81,74.09175252859153,n,
,24.0,4117,0.56019431833749,155.1768156941273,127,74.2923048725906,n,
f,52.0,2814,0.6321694434115458,174.16554003314002,72,71.15820864183515,n,
f,43.0,4167,0.5392864756938804,157.39696380267185,95,68.56775116719257,s,
f,19.0,1844,0.269159776922337,172.46893804083973,93,105.5427276141184,n,177.0
f,20.0,2730,0.4591260894334672,177.8158189165666,99,57.43734463846327,s,
f,33.0,3743,0.4713302953604803,170.63396376207945,77,115.14534538254107,s,
f,70.0,2499,0.36579233104913433,138.40784089894385,61,75.38272285294673,n,
f,62.0,3360,0.46607730538356473,146.4664251506944,120,66.19893325887796,n,
f,44.0,2670,0.15993541903231848,150.68264623854634,78,92.2892296484595,n,
f,68.0,4706,0.7401338200974747,,87,68.90653403352293,s,
m,22.0,1644,0.19649711651884197,184.9265117004429,146,83.75507773106818,s,
f,30.0,2062,0.5187703259230693,166.2637857874456,94,72.3524904961399,n,
f,,2490,0.3070835875294304,147.8095876267612,149,90.12636472020218,n,
f,18.0,2727,0.34281447552451616,,212,83.23414425525766,s,
f,67.0,2420,0.3301130992241218,141.38401260530281,48,84.7346692750992,n,
f,52.0,4706,0.46837093192298607,190.71921447025534,122,82.58491227359721,s,
f,54.0,3106,0.4445206697668785,151.35806698836257,146,75.56353242652115,s,
f,73.0,3870,0.5510935272197125,168.70818860246055,148,82.64683926530131,s,
m,28.0,2864,0.4867317118425185,196.94598807239385,58,84.34287619619208,s,
f,63.0,3146,0.47697822080532204,171.63757296625576,85,68.73031950085584,s,
f,48.0,2992,0.3953957195947222,179.7525572832973,44,88.36778226208355,n,
m,71.0,2439,0.2931132807584034,167.8880808122739,88,63.72520241891012,n,
,54.0,3460,0.5365205317519234,157.64290777648836,62,70.749182370956,s,
f,26.0,3862,0.3992826169216501,,69,70.58829504982819,s,
f,54.0,2941,0.4743515367113867,,158,75.19339349239758,n,
f,69.0,4922,0.7931917280660057,,80,80.67790782745149,s,
f,70.0,1094,0.03485302922757517,176.00382110438872,85,93.32220380786246,s,
f,69.0,4371,0.38687269467301105,165.89226144926087,79,88.93788440074584,s,207.0
f,72.0,2115,0.15998429870114414,174.7470552196966,83,74.04451494961644,n,
f,,1041,0.06750443296676766,167.5453996595127,45,91.67424417641897,n,
f,31.0,1504,0.0448797046599107,185.67725341281968,74,76.69042636955739,n,
f,,3427,0.4275848084467477,167.08265116000794,166,82.43938767683242,n,
m,,4639,0.7159357705988796,174.0208502392937,91,70.08111267588399,n,
f,56.0,4295,0.3562064344852861,150.58084737737312,60,90.09963982767243,n,
f,54.0,3534,0.34679408006181894,158.19001667868685,71,92.95724828298512,n,
f,44.0,4515,0.6266420895612965,173.51283373764625,129,70.40248192002689,s,
f,,1364,0.1268536693928724,150.3474725886539,87,101.21271959166819,s,
m,62.0,3782,0.4505938611426527,,158,83.00510760914732,n,
m,48.0,1931,0.3225571221166792,150.19836485751281,85,61.561670741495064,s,
f,,2491,0.29436601645545574,173.84820980905036,81,109.10777542773182,s,
m,,4265,0.3755142757139989,141.30376085173833,41,79.08480665584378,n,149.0
f,66.0,2475,0.3399091291273631,165.9684257361028,100,94.96876259511625,s,
f,,3242,0.5435606267569444,124.50939021394684,47,88.33726532869464,n,
m,24.0,1548,0.1605799071603383,156.07795316217005,94,66.92609212295517,s,
f,71.0,4381,0.6251448134016365,205.38418135537734,129,87.9728333355211,n,
f,58.0,3478,0.44883637191664577,163.0282754880246,100,87.6768988679577,n,
,,1964,0.2854417242788918,179.4575305485849,68,90.71226011607185,n,
f,26.0,4017,0.45169714887256884,182.42453461696473,137,60.998244118648394,n,
f,27.0,3869,0.451757158861517,155.62487519534682,40,55.91609990244477,n,
f,,3309,0.4394254564704445,178.31559672633898,133,75.9822682290063,s,
m,56.0,1345,0.18424046010941417,178.63920883989886,48,60.54870550194787,n,
m,,2727,0.25167476706376757,172.0105514308648,191,94.64768641787845,s,
f,44.0,3648,0.5188450886881435,197.3222450911979,59,107.70563960551188,s,
f,39.0,3273,0.25912204435485375,154.2596676187139,126,81.0354956987371,s,
m,53.0,2516,0.42630855536122225,145.2926632218768,107,81.86272081668636,n,
f,,3261,0.4085725285614911,171.8741462749706,174,82.13174497047905,n,
,48.0,3538,0.32422309719067266,131.31408681712588,59,53.39558889834011,n,
m,37.0,3332,0.5658103917522266,163.59851628438707,90,76.54681988995178,n,
f,32.0,2563,0.34770049103927353,163.88973724340417,80,85.68947726832997,s,
f,18.0,2681,0.23094624501029265,167.4195941177079,59,75.35274149074868,n,
f,,4073,0.6240512588151368,178.33195844983507,57,76.91642218507319,s,
f,,1846,0.204693959524413,165.17472491748225,67,73.2571831117757,s,
f,44.0,4764,0.6200310640788143,,129,70.65924674795352,n,
f,69.0,2618,0.3817278971218265,189.02396581424867,136,82.0256180751896,s,
f,45.0,3026,0.3025347312162654,178.87891378591002,61,59.61812832911629,n,
f,71.0,2797,0.39421277711293273,161.23154401703493,145,86.63717550640405,s,
f,72.0,2040,0.2538092068325321,145.2730410180459,41,68.35677375066014,s,
m,36.0,2884,0.48307154416503273,134.06706428948627,41,81.91862333950817,n,
f,69.0,3857,0.29540177095066156,172.70906037844748,147,65.43143624021239,s,
f,57.0,1725,0.24968222432847564,165.4688278233386,68,82.03246412568016,n,
f,23.0,3975,0.5572178991001832,168.20235381998486,114,70.29654006624388,n,
f,63.0,4824,0.723134237550453,162.78661391821132,122,77.42311448330307,n,
f,65.0,2566,0.4157801189994411,173.75884671827862,102,70.59703390562183,s,
f,35.0,2944,0.37235882558916494,169.63144729613387,129,83.91831204352661,n,
f,66.0,3023,0.29009905740154646,154.12926287006886,83,81.41442922552223,s,
f,27.0,2811,0.30841261539298936,157.30867064100764,86,87.54850352768283,n,
f,21.0,4132,0.4139073240328932,206.70919220056845,159,75.71701096767846,n,
f,31.0,4054,0.65125254093585,162.20813202160096,123,75.27811723140782,s,
f,50.0,1991,0.31858286557076465,145.10605191753808,85,88.61007110371408,s,
f,67.0,3007,0.2978081296497409,142.38426705864748,91,90.24773141684327,s,
f,71.0,1435,0.16365300818419845,166.45430290357942,132,62.803975672259924,s,
f,67.0,2658,0.3969800974754407,,69,88.18134584295859,n,
f,64.0,1698,0.19571748481596635,,98,85.21417924120347,s,
m,57.0,3181,0.6388796542519479,150.67758483006128,131,82.06787543361501,s,
f,,3812,0.5746161411181829,173.22903248329146,146,88.4212966586688,s,
f,65.0,3726,0.37613837537688094,165.89270964199537,145,76.42321184940945,s,
f,41.0,1937,0.10251794142631557,160.34788464612183,60,90.6819980624794,n,
m,,2590,0.3444442284794613,,86,60.66135048165341,s,
f,,4509,0.5794095000393809,157.90359678938862,43,78.65220572508554,n,
m,,1302,0.2416400452447451,143.68706844288312,117,94.21509250619835,s,
f,56.0,4331,0.4652816384133731,157.57202165019666,93,71.8333689342496,n,
,62.0,1138,0.2619142128619414,154.30324126784325,92,90.86451992349984,s,
f,69.0,3585,0.4284509888998501,148.66429727418694,96,110.72400789859944,n,
f,59.0,1715,0.2414616373006172,152.97061628943942,53,69.93640780746729,s,
f,24.0,4169,0.43924365977698765,162.79436352731008,116,61.2183470766114,s,
f,62.0,3012,0.43906571737697875,163.46157424995073,132,62.42786119422498,s,
m,,2182,0.4118518363087519,,171,85.5769616669799,s,
f,19.0,2368,0.27571099206881633,167.9206098257258,60,60.17421357348841,s,
m,41.0,1510,0.3447293524968482,203.05393684560642,67,87.69693153169214,n,
f,,3999,0.5294989034197102,170.69423775203637,132,68.38097053452391,s,
m,46.0,3631,0.5448983347487112,177.68981306960492,87,85.37071033353531,n,220.0
f,,2769,0.3881661938008144,154.00818016234174,221,72.55805101961896,n,
f,66.0,954,0.12381276937851075,155.56141951375426,51,77.2489130756051,s,
f,35.0,2988,0.3343607368212472,144.32252846847516,105,73.38838263747567,n,
f,,2563,0.20182555708403715,128.11631847574483,70,77.16716914906905,s,
m,35.0,1811,0.018944754511856173,158.80101625615367,85,88.17375168781241,n,
f,,1947,0.08511268647405894,149.41043205123106,130,79.61650538252658,n,
f,50.0,4585,0.471597261901592,143.03158418168513,43,76.99141469147264,n,
m,54.0,4766,0.7582259070945361,142.17879201812397,92,76.5708559634832,n,
m,62.0,4026,0.48966582527627706,146.9900374592396,74,71.60764801239797,s,
f,,4326,0.5411739465383987,170.77052930545975,155,88.3184494648194,s,
m,20.0,1135,0.1163481924742069,186.13721290127697,64,93.07574222127361,n,
f,,1774,0.13351053007399924,,90,70.03487515297353,s,
m,66.0,3396,0.34198644083911633,129.1349473892228,112,71.18821477366276,s,
f,49.0,1603,0.22681486122917377,130.4437341513653,134,74.14807901337028,n,
f,68.0,4411,0.7203596794569719,171.4240625214322,62,114.11719050335799,s,
f,27.0,1441,0.10270865950661395,157.9377848478393,106,74.69970397502996,s,
m,46.0,3404,0.4399425132010593,162.4381961697866,136,76.33665142531142,s,
m,,2340,0.3080071194023589,140.023390773703,96,66.74171639958877,s,
f,60.0,2409,0.20531258088212626,146.99146840027444,43,92.16953325799156,n,
f,53.0,1544,0.15846206947437896,138.31289529954398,96,70.6216767294239,s,
f,29.0,4717,0.5771697665682529,193.94653885713132,38,93.39604929153933,n,
f,28.0,1888,0.16667108116689988,149.78567777361056,135,64.28493591021893,s,
f,24.0,2765,0.2759529810615997,178.18407735009347,92,73.98435250538216,n,
f,37.0,2328,0.33729820687704043,145.37469461240363,135,70.73218009021157,s,
f,26.0,1831,0.23892144419894631,156.84490165789663,65,72.35812673208524,s,
,34.0,1447,0.18860764440460112,155.56308838273708,77,69.83851308821836,s,
f,55.0,1249,0.11409112526807758,170.94389378309327,49,102.31821004890743,s,
m,,3964,0.45282008391912043,146.7524397729682,58,64.00517038538447,n,
f,69.0,3697,0.6323222664019207,144.16923374682708,107,64.96411126093496,s,
f,53.0,4162,0.5162953301048019,185.3761747258363,98,49.556281232308514,n,
f,48.0,1853,0.20106903010294708,150.112017401589,77,66.59475190319486,s,
f,19.0,4219,0.46875259631750577,153.31496971156653,139,107.16351201854577,n,
f,71.0,2777,0.3157104278908201,143.47740872788182,57,87.60491177194449,s,
f,60.0,3779,0.3709415554042556,155.50992560067925,68,87.12603043320901,n,
f,56.0,1100,0.14726911395486478,163.63049634799705,86,67.70976433426696,n,
f,23.0,3258,0.4104227726146344,162.2755627130428,149,78.30341370375717,n,
f,32.0,4858,0.7717016976105311,150.67185908796617,123,73.1632415109048,n,
m,,4697,0.6263253668677781,129.80142675524425,40,76.48211845774765,n,
m,19.0,4513,0.5082271484187851,140.3509083584544,80,78.84160450970008,n,
f,22.0,1079,0.07561456680173884,174.15777825249828,45,82.27710610853461,s,
f,59.0,3349,0.395678470842427,167.74384113639857,206,73.47898486626093,s,
m,44.0,4058,0.5704011187157436,,142,67.35741193160047,s,
f,56.0,1960,0.22474687903011314,156.53749229655097,72,71.87475903607235,n,
m,,4135,0.5774689074829941,160.37082916369812,136,91.6831021712087,s,
f,47.0,3771,0.4142690243888357,171.81065162382396,84,88.69299627839345,n,
